id,id_site,structure,country,adm1,adm2,millennium,struc_type,x_coord,y_coord
CNS4008,379,Cova da Moura,Portugal,Lisboa,Torres Vedras - São Pedro da Cadeira,4th-2nd,Natural cave,-9.396378,39.075498
SET15004,377,Grutas da Quinta do Anjo 3 - Grutas do Casal do Pardo 3 - Covas da Moura 3,Portugal,Setúbal,Palmela - Quinta do Anjo,3rd,Artificial cave,-8.938630104,38.56414795
AND01017,378,Fuente Álamo - Tumba 111,Spain,Almería,Cuevas del Almanzora,3rd-2th,Pithos,-1.857258,37.330344
CNS3773,376,Praia da Samarra,Portugal,Lisboa,Sintra - São João das Lampas e Terrugem,3rd-2th,Tholos,-9.434359,38.897281
SET15001,377,Grutas da Quinta do Anjo - Grutas do Casal do Pardo - Covas da Moura,Portugal,Setúbal,Palmela - Quinta do Anjo,3rd,Artificial cave,-8.938630104,38.56414795
FRA0007,48,Baume de La Roche,France,Doubs ,Sancey-le-Long,Undefined,,6.612575423,47.29314275
ENG0001,13,Arras A4 - The Queen Barrow,England,Yorkshire - East Riding,Market Weighton,1st,Barrow,-0.674433573,53.86463552
ENG0002,13,Arras barrow W57,England,Yorkshire - East Riding,Market Weighton,1st,Barrow,-0.675806843,53.86450901
CL02002,14,Arroyal I,Spain,Burgos,Alfoz de Quintanadueñas,4th,Passage grave,-3.758969,42.407049
CL02011,15,Arroyo de las Vegas,Spain,Burgos,Sargentes de la Lora,3rd,Domestic,-3.8953,42.745706
ENG0033,34,Barrow Abney Moor,England,Derbyshire,Abney,3rd-2nd,Barrow,-1.6982125,53.31939964
ENG0013,35,Barrow Aldbourne G6,England,Wiltshire,Aldbourne,3rd-2nd,Barrow,-1.642349458,51.49417716
ENG0015,36,Barrow G 48,England,Wiltshire,Amesbury,3rd-2nd,Barrow,-1.77862387,51.17647829
ENG0016,36,Barrow G 54,England,Wiltshire,Amesbury,3rd-2nd,Barrow,-1.788509494,51.1744952
ENG0018,37,Barrow G1 - Newton Barrow,England,Wiltshire,South Newton,3rd-2nd,Barrow,-1.880205623,51.11373401
ENG0023,41,Barrow G16 - Normanton Group,England,Wiltshire,Salisbury,3rd-2nd,Barrow,-1.838905388,51.08778224
ENG0017,42,Barrow G1a - The Manton Barrow,England,Wiltshire,Preshute,3rd-2nd,Barrow,-1.767767639,51.40908379
CNS19452,50,Bela Vista,Portugal,Lisboa,Sintra - Sintra,3rd,Tholos,-9.42461,38.79155
AND08012,75,Caño Ronco I,Spain,Sevilla,Camas,3rd,Tholos,-6.046819,37.400076
CL07001,76,Casetón de la Era,Spain,Valladolid,Villalba de los Alcores,3rd,Domestic,-4.860508,41.902827
CNS597-2,285,Perdigões - T2,Portugal,Évora,Reguengos de Monsaraz - Reguengos de Monsaraz,3rd,Tholos,-7.550093437,38.439755
CVL02012,380,Costamar T31002,Spain,Castellón,Cabanes,2nd,Pit,0.052471028,40.15922145
CNS616,92,Comenda da Igreja 1,Portugal,Évora,"Montemor-o-Novo-Nossa Senhora da Vila, Nossa Senhora do Bispo e Silveiras",3rd,Dolmen,-8.203212,38.757939
FRA0009,53,Berrias,France,Ardèche,Chandolas ,Undefined,Dolmen,4.263335869,44.42826839
FRA0030,381,Villevenard,France,Marne,Villevenard,3rd,Hypogeum,3.79807573,48.82886041
ENG0024,35,Barrow Aldbourne G3,England,Wiltshire,Aldbourne,3rd-2nd,Barrow,-1.641085578,51.49195827
ENG0025,36,Barrow G 46,England,Wiltshire,Amesbury,3rd-2nd,Barrow,-1.77195859,51.15326273
CAT01034,372,Cova Can Figueres,Spain,Barcelona,Begues,4th-3rd,Natural cave,1.92334,41.344998
CL05003,110,Cueva de Casla,Spain,Segovia,Casla,3rd,Natural cave,-3.6533406,41.1768221
ENG0003,16,Ashville Trading Estate,England,Gloucestershire,Cheltenham,3rd-2nd,,-2.09495111,51.92012325
ENG0037,58,Blackheath Barrow - Blackheath Cross,England,West Yorkshire,Todmorden,3rd-2nd,Barrow,-2.081060865,53.71388027
MUR002,59,Blanquizares de Lébor,Spain,Murcia,Totana,4th-3rd,Hypogeum,-1.548667,37.760463
ENG0038,60,Blawearie cairn - Old Bewick,England,Northumberland,Bewick,3rd-2nd,Cairn,-1.87177,55.494425
SCO0005,61,Blinmill Farm,Scotland,Aberdeenshire,Auchterless,3rd-2nd,Barrow,-2.484409182,57.46231881
ENG0039,63,Boscregan - Carn Creis - Barrow III,England,Cornwall,Saint Just,3rd-2nd,Barrow,-5.6965,50.108473
SCO0006,66,Burntisland,Scotland,Fife,Burntisland,2nd-1st,Barrow,-3.211472145,56.06950556
CNS22983,68,Cabecinho de Capitõa,Portugal,Lisboa,Mafra - Igreja Nova e Cheleiros,2nd,Pit,-9.339765,38.919822
CNS3201,81,Cavaleiros 1 - Anta da Capela,Portugal,Portalegre,Avis - Benavila e Valongo,3rd,Dolmen,-7.922903,39.16202
CLM02003,83,Cerro Ortega,Spain,Ciudad Real,Villanueva de la Fuente,3rd,Shelter,-2.710976,38.651843
CL02010,87,Ciella,Spain,Burgos,Valle de Sedano,4th-3rd,Passage grave,-3.737547,42.725766
CNS5452,94,Corôa do Frade,Portugal,Évora,Évora - Nossa Senhora da Tourega e Nossa Senhora de Guadalupe,3rd,Domestic,-8.036376,38.544976
AND04021,112,Cueva de las Ventanas,Spain,Granada,Piñar,2nd,Natural cave,-3.426786,37.441902
ENG0041,117,Danes Graves - Barrow 5,England,Yorkshire - East Riding,Nafferton ,1st,Barrow,-0.446500548,54.05624827
CLM04001,133,Dolmen Portillo de las Cortes,Spain,Guadalajara,Anguita,4th,Dolmen,-2.40664,41.057069
CL08002,151,El Tesoro,Spain,Zamora,Morales de Rey,4th,Passage grave,-5.790441,42.078469
CL01003,152,El Tomillar,Spain,Ávila,Bercial de Zapardiel,3rd,Pit,-4.981399,41.035842
ENG0036,54,Bessingham,England,Norfolk,Bessingham,2nd-1st,,1.220820024,52.88432613
FRA0057,223,La Motte-aux-Magnins,France,Jura,Clairvaux-les-Lacs,Undefined,,5.743291806,46.57214198
GRE0015,212,Koukounara,Greece,Messenia,Pylos,2nd,,21.75187293,36.97243682
ITA0012,275,Olmo di Nogara,Italy,Verona ,Nogara,2nd-1st,Necropolis,11.05594843,45.18103901
CL02003,109,Cubillejo de Lara de los Infantes,Spain,Burgos,Mambrillas de Lara,4th-3rd,Passage grave,-3.514936,42.123944
CL01002,119,Dehesa de Río Fortes,Spain,Ávila,Mironcillo,4th-3rd,Chamber,-4.830095,40.578584
AND02021,122,Dolmen de Alberite,Spain,Cádiz,Villamartín,3rd,Dolmen,-5.636684,36.8167
FRA0021,124,Dolmen de Grailhe,France,Gard,Campestre-et-Luc,Undefined,Dolmen,3.3754,43.9517
FRA0022,125,Dolmen de la Drailhe,France,Hérault ,Viols-le-Fort,Undefined,Dolmen,3.706633476,43.75534095
FRA0023,126,Dolmen de la Marque,France,Lozère,Mas-Saint-Chély,Undefined,Dolmen,3.399282177,44.31468735
FRA0024,127,Dolmen de la Pierre Folle,France,Vendée,Thiré,Undefined,Dolmen,-0.998055556,46.5525
AND02001,128,Dolmen de la Rosa,Spain,Cádiz,Villamartín,3rd,Dolmen,-5.587538,36.828904
FRA0025,129,Dolmen de Puyraveau,France,Deux-Sèvres,Saint-Léger-de-Montbrun,Undefined,Dolmen,-0.116129014,46.99228667
FRA0026,130,Dolmen du Devezas,France,Hérault ,Saint-Maurice-de-Navacelles,Undefined,Dolmen,3.518553481,43.85227036
FRA0027,131,Dolmen du Rieutort,France,Ardèche ,Chauzon,Undefined,Dolmen,4.3642563,44.486456
FRA0028,132,Dolmen II du Bois-bas,France,Hérault,Minerve,Undefined,Dolmen,2.6801,43.36846
AND02006,279,Paraje de Montebajo - Tumba 3,Spain,Cádiz,Alcalá de los Gazules,4th-3rd,Tholos,-5.708208,36.395676
AND02019,123,Dolmen de El Juncal,Spain,Cádiz,Ubrique,4th-3rd,Dolmen,-5.484823,36.66306
ENG0042,138,Easton Down - Winterslow site,England,Wiltshire,Winterslow ,3rd-1st,Barrow,-1.6624617,51.121808
ENG0043,139,Easton Lane Interchange,England,Hampshire,Easton Lane,3rd-1st,Necropolis,-1.289017658,51.07426682
ENG0012,35,Barrow Aldbourne G1,England,Wiltshire,Aldbourne,3rd-2nd,Barrow,-1.642389067,51.49428034
CL02012,144,El Hornazo (fondo 103),Spain,Burgos,Burgos,3rd,Pit,-3.7050546,42.3402541
PV02002,157,Errekatxuetako Atxa,Spain,Vizcaya - Bizkaia,Zeanuri,Undefined,Dolmen,-2.770767,43.049359
AND08002,159,Estructura 10.042-10.049 (PP4 Montelirio),Spain,Sevilla,Castilleja de Guzmán,3rd,Tholos,-6.058684,37.409845
CL08010,145,El Juncal I,Spain,Zamora,Castronuevo de los Arcos,4th,Mound,-5.5324493,41.7155046
CNS328,375,Zambujal,Portugal,Lisboa,Torres Vedras - Santa Maria-São Miguel e Matacães,3rd,Domestic,-9.286828,39.075949
FRA0010,55,Billy,France,Allier,Billy,Undefined,,1.535153808,47.32498605
FRA0001,7,Ambérieu-en-Bugey,France,Ain,Ambérieu-en-Bugey,Undefined,,5.383206851,45.95911178
CAT04006,103,Cova del Garrofet,Spain,Tarragona,Aiguamúrcia,Undefined,,1.44785,41.375975
FRA0018,107,Crozon,France,Finisterre,Crozon,Undefined,,-4.538684017,48.20335071
AND07005,370,Corominas 1,Spain,Málaga,Estepona,3rd,Dolmen,-5.208209,36.447382
CNS4704,373,Gruta do Furadouro da Rocha Forte - Lapa da Amoreira,Portugal,Leiria,Óbidos - Olho Marinho,Undefined,Natural cave,-9.229811668,39.34514999
CL07002,146,El Miradero,Spain,Valladolid,Villanueva de los Caballeros,3rd,Tumba calero,-5.220979,41.763163
CL05002,147,El Ollar,Spain,Segovia,Donhierro,3rd,Pit,-4.695524,41.118643
AND04013,225,La Sabina 49 - Hoya de los Castellones 38,Spain,Granada,Gorafe,Undefined,Dolmen,-3.049128,37.471161
CL02004,166,Fuentepecina II,Spain,Burgos,Valle de Sedano,5th,Dolmen,-3.717583,42.671211
ENG0014,36,Barrow G 39,England,Wiltshire,Amesbury,3rd-2nd,Barrow,-1.779444158,51.176599
CNS3024,369,Alto da Feteira,Portugal,Leiria,Pombal - Arroteia,3rd,Dolmen,-7.533183,39.413967
EXT01021,371,La Pijotilla T3,Spain,Badajoz,Solana de los Barros,3rd,Tholos,-6.544763587,38.73242464
FRA0034,174,Grotte au Collier,France,Aude,Lastours,Undefined,Natural cave,2.377556038,43.33293906
FRA0035,175,Grotte Basse de la Vigne Perdue,France,Aude,Narbonne,Undefined,Natural cave,3.086143908,43.16273703
SER0001,134,Donja Bitinja,Serbia,Kosovo,Lebane,Undefined,,21.04230282,42.25338577
CL04011,224,La Pinilla,Spain,Salamanca,Carbajosa de la Sagrada,Undefined,,-5.6394849,40.9205055
CL02008,150,El Soto,Spain,Burgos,Salas de los Infantes,4th-3rd,,-3.304754,42.01259
ENG0045,160,Feltwell Fen,England,Norfolk,Feltwell,2nd-1st,,0.42790387,52.473993
ITA0008,161,Fiavè,Italy,Trentino,Fiavé ,Undefined,,10.83357294,45.99091256
CAT03022,162,Forat de Conqueta,Spain,Lleida,Les Avellanes i Santa Linya,Undefined,,0.801913988,41.92945415
FRA0032,163,Forêt des Moidons,France,Jura,Chilly-sur-Salins,Undefined,,5.860568408,46.85254277
CAT03012,164,Fossa del Gegant,Spain,Lleida,Naves,Undefined,,1.647222,41.955278
ITA0009,165,Frattesina,Italy,Rovigo,Fratta Polesine,Undefined,,11.64049881,45.02834095
CL02013,166,Fuentepecina IV,Spain,Burgos,Valle de Sedano,4th-3rd,,-3.713461,42.6786379
HUN0007,167,Füzesabony,Hungary,Heves ,Füzesabony,3rd-1st,,20.35537895,47.74250467
ENG0046,168,Glastonbury Lake Village,England,Somerset,Glastonbury,1st,,-2.726486165,51.16379339
CL02005,216,La Brújula,Spain,Burgos,Fresno de Rodilla,4th-2nd,Mound,-3.489555,42.43267
CL02006,217,La Cabaña,Spain,Burgos,Sargentes de la Lora,4th-3rd,Passage grave,-3.896794,42.772088
CL08003,219,La Casa de los Moros,Spain,Zamora,Arrabalde,4th,Passage grave,-5.901442,42.112582
CL04003,221,La Ermita - Dolmen de Galisancho,Spain,Salamanca,Galisancho,4th-3rd,Passage grave,-5.558824,40.732335
CL06004,222,La Mina de Alcubilla,Spain,Soria,Alcubilla de las Peñas,4th,Megalith,-2.5397953,41.2540163
CNS13117,189,Gruta do Correio-Mor,Portugal,Lisboa,Loures-Loures,3rd,Natural cave,-9.187157,38.826742
GRE0013,201,Kalkani,Greece,Argolis ,Mykines,3rd-1st,Necropolis,22.75379855,37.72761873
ENG0051,202,Kellythorpe,England,Yorkshire - East Riding,Kirkburn,3rd-2nd,Barrow,-0.456523105,53.99371909
FRA0053,205,Kerstrobel,France,Finistere,Crozon,Undefined,Barrow,-4.487402778,48.25028333
ENG0053,206,Kilham long barrow,England,Yorkshire - East Riding,Kilham,Undefined,Barrow,-0.388277014,54.06799757
GAL04001,86,Chousa Nova,Spain,Pontevedra,Silleda (Campomarzo),Undefined,Mound,-8.292662,42.756845
ENG0050,194,Hengistbury Head,England,Dorset,Bournemouth,3rd-1st,Barrow,-1.765985242,50.71908333
CL06002,226,La Sima II,Spain,Soria,Miño de Medinaceli,4th,Tholos,-2.54043,41.176966
CL03001,229,La Velilla,Spain,Palencia,Osorno la Mayor,5th-3rd,Chamber,-4.391275,42.41632
CLM05001,230,La Veredilla,Spain,Toledo,Illescas,3rd,Pit,-3.857134,40.135807
PV03003,233,Larrarte,Spain,Guipúzcoa - Gipuzkoa,Beasain,Undefined,Dolmen,-2.202449,43.091804
ENG0054,231,"Lake group Barrow G47, 49 or 50",England,Wiltshire,Larkhill,3rd-1st,Barrow,-1.8469292,51.16061957
FRA0046,185,Grotte du Gazel 2,France,Hérault ,Cesseras,Undefined,Natural cave,2.695610346,43.33537477
FRA0044,186,Grotte du Hasard - Cimetière,France,Gard ,Tharaux,Undefined,Natural cave,4.308912778,44.24053102
FRA0069,277,Oyes,France,Marne,Oyes,5th-3rd,Artificial cave,3.750925447,48.81365846
CL04004,228,La Veguilla I,Spain,Salamanca,Alba de Tormes,4th-3rd,Passage grave,-5.54984,40.784173
HUN0010,213,Kurd,Hungary,Tolna,Kurd,3rd-1st,,18.30119987,46.44778892
GRE0016,214,Kydonia,Greece,Chania,Nea Kydonia,2nd,,23.95014167,35.50084167
FRA0056,218,La Canourgue,France,Lozère,La Canourgue,Undefined,,3.238739315,44.4531918
FRA0051,199,Ivory,France,Jura ,Ivory,Undefined,,5.852437234,46.91126027
GRE0012,200,Kalbaki,Greece,Ioannina,Kalpaki,1st,,20.6252314,39.88862195
FRA0052,204,Kernonen-en-Plouvorn,France,Finistere,Plouvorn,Undefined,,-4.051944444,48.58861111
CL04006,298,Prado de la Nava,Spain,Salamanca,Salvatierra de Tormes,4th-3rd,Passage grave,-5.588577,40.579996
CL01006,299,Prado de las Cruces,Spain,Ávila,Ávila,3rd,Passage grave,-4.602831,40.672648
CL02007,268,Nava Alta,Spain,Burgos,Los Altos,4th,Cist,-3.661143,42.755464
ENG0060,271,Near Wolley barrow,England,Cornwall,Woolley,3rd-1st,Barrow,-4.473233941,50.92271169
CNS3894,274,Nora Velha 1 - Barranco da Nora Velha,Portugal,Beja,Ourique - Ourique,3rd,Tholos,-8.294924,37.576453
CL02001,6,Alto del Reinoso,Spain,Burgos,Monasterio de Rodilla,4th,Chamber,-3.473547,42.437925
NAV002,118,Debata Realengo,Spain,Navarra,Arruazu,Undefined,Dolmen,-1.993774,42.953611
AND03015,243,Los Delgados I,Spain,Córdoba,Fuente Obejuna,Undefined,Dolmen,-5.475577,38.22456
CL01007,244,Los Itueros,Spain,Ávila,Santa María de los Arroyos,4th-3rd,Domestic,-4.9281197,40.6124191
CAN002,245,Los Lagos IV,Spain,Cantabria,Hermandad de Campoo de Suso,Undefined,Dolmen,-4.324368,42.993888
CL08005,246,Los Lastros,Spain,Zamora,Morales de Toro,4th,Mound,-5.320305,41.556215
AND01011,247,Los Millares 74,Spain,Almería,Santa Fe de Mondújar,2nd,Tholos,-2.527354,36.962364
AND01010,247,Los Millares III - 63,Spain,Almería,Santa Fe de Mondújar,2nd,Dolmen,-2.527354,36.962364
AND01003,247,Los Millares IV - 8,Spain,Almería,Santa Fe de Mondújar,2nd,Dolmen,-2.527354,36.962364
AND01002,247,Los Millares VII - 7,Spain,Almería,Santa Fe de Mondújar,2nd,Tholos,-2.527354,36.962364
CL08006,248,Los Paradores,Spain,Zamora,Castrogonzalo,3rd,Workshop,-5.621859,41.981539
ENG0061,278,Palisade Barrow cementery,England,Cambridgeshire,Perry,3rd-2nd,Barrow,-0.323303585,52.28118581
CL01005,280,Peña del Águila,Spain,Ávila,Muñogalindo,3rd,Domestic,-4.888286,40.611508
CL08007,282,Peñas Quiruelas,Spain,Zamora,Quiruelas de Vidriales,3rd,Workshop,-5.855511,42.009984
CL08008,283,Peñas Villardondiego,Spain,Zamora,Villardondiego,3rd,Domestic,-5.377548,41.588576
ENG0062,288,Pin Farm barrow,England,Suffolk,Kentford,3rd-1st,Barrow,0.525578104,52.27652815
CL02009,234,Las Arnillas,Spain,Burgos,Valle de Sedano,Undefined,,-3.679339,42.716127
ITA0020,264,Monte San Paolillo,Italy,Sicily,Catania,Undefined,,15.08040576,37.50299746
CNS1260,300,Pragança,Portugal,Lisboa,Cadaval-Lamas e Cercal,2nd,Domestic,-9.059174,39.19801
SER0004,301,Precevo-Boka,Serbia,Kosovo,Klina,Undefined,Necropolis,20.58301378,42.63381893
CNS3237,304,Quinta do Marcelo,Portugal,Setúbal,Almada - Almada-Cova da Piedade-Pragal e Cacilhas,2nd,Domestic,-9.166389,38.680614
WAL0005,302,Promontory Henllan,Wales,Ceredigion,Henllan,1st,,-4.394088508,52.03838001
CAT03014,321,Sepulcro de Can Rajolí,Spain,Lleida,Olius,4th,Cist,1.486265,41.9641819
CNS4016,315,São Paulo 2,Portugal,Setúbal,Almada - Almada Cova da Piedade Pragal e Cacilhas,3rd,Tholos,-9.16348,38.680936
ENG0070,317,Scratchbury Barrow G1,England,Wiltshire,Norton Bavant,3rd-1st,Barrow,-2.128420055,51.19761253
CL08001,148,El Pedroso,Spain,Zamora,Trabazos,3rd,Domestic,-6.550579,41.746589
MUR001,215,La Almoloya T-38,Spain,Murcia,Pliego,2nd,Pithos,-1.5082,37.952889
AND04010,241,Llano de la Teja 18,Spain,Granada,Fonelas,Undefined,Dolmen,-3.189969,37.418274
CL08004,242,Los Arenales,Spain,Zamora,Quiruelas de Vidriales,3rd,Domestic,-5.843842,42.021801
AND01004,247,Los Millares XXXVII - 12,Spain,Almería,Santa Fe de Mondújar,2nd,Tholos,-2.527354,36.962364
CL07003,249,Los Zumacales,Spain,Valladolid,Simancas,5th-4th,Passage grave,-4.819087,41.606131
CNS7378,252,Mámoa V de Chã de Arcas,Portugal,Porto,Baião - Gestaçô,3rd,Dolmen,-7.956102,41.193637
GRE0031,343,Tholos Kakovatos B,Greece,Elis,Kakovatos,Undefined,Tholos,21.64304775,37.45419535
GRE0032,343,Tholos Kakovatos C,Greece,Elis,Kakovatos,Undefined,Tholos,21.64304775,37.45419535
AND03002,113,Cueva de los Cuarenta,Spain,Córdoba,Priego de Córdoba,Undefined,Natural cave,-4.255097,37.364336
CVL01007,99,Cova de la Pastora,Spain,Alicante - Alacant,Alcoy,3rd,Natural cave,-0.440633,38.667535
CAT01024,104,Cova del Gegant,Spain,Barcelona,Sitges,2nd,Natural cave,1.772371547,41.22230119
CLV01002,105,Cova del Llidoner,Spain,Alacant,Cocentaina,3rd,Natural cave,-0.463017,38.7453
ITA0010,173,Grotta Manaccora,Italy,Foggia,Peschici,Undefined,Natural cave,16.04427937,41.9465773
ENG0076,344,Thor Fissure Cave,England,Derbyshire,,3rd-2nd,Natural cave,-1.854154461,53.09175136
SCO0015,318,Sculptor's Cave,Scotland,Moray,Elgin,2nd-1st,Natural cave,-3.386165728,57.71983369
GRE0022,303,Prosymna,Greece,Argolis,Prosymna,2nd,,22.82504413,37.7123655
FRA0014,21,Baigneurs - Charavines,France,Isère ,Charavines,Undefined,,5.516766996,45.43575488
ENG0066,305,Radwell Ring-ditch II,England,Hertfordshire,Radwell,2nd,,-0.206204837,52.0060466
ITA0011,236,Ledro,Italy,Trentino,Ledro,Undefined,,10.77336758,45.87661589
GRE0001,8,Analipsi,Greece,Heraklion,Hernossinos,2nd,,25.34618452,35.33351558
CAN001,245,Los Lagos I,Spain,Cantabria,Hermandad de Campoo de Suso,Undefined,Dolmen,-4.322222,42.993889
FRA0077,327,Serre de Bouisset,France,Hérault,Ferrières-les-Verreries,Undefined,Necropolis,3.831804903,43.85966546
AND08024,342,Tholos de Palacio III,Spain,Sevilla,Almadén de la Plata,Undefined,Tholos,-5.976747,37.833241
CAT03006,324,Sepulcro del Collet,Spain,Lleida,Riner,Undefined,,1.567326,41.884119
CAT01036,325,Sepulcro I de El Bosc,Spain,Barcelona,L´Espunyola,Undefined,,1.736444,42.042058
CVL01045,69,Cabezo Redondo,Spain,Alacant,Villena,Undefined,,-0.890318192,38.64362168
FRA0012,72,Canourge,France,Lozère ,Canourge,Undefined,,3.260562079,44.4515546
CNS62,11,Anta Grande do Zambujeiro,Portugal,Évora,Évora - Nossa Senhora da Tourega e Nossa Senhora de Guadalupe,3rd,Dolmen,-8.014282,38.539073
ENG0032,46,Barrow III,England,Gloucestershire,Bourton-on-the-Water,3rd-2nd,Barrow,-1.784271733,51.86820178
WAL0001,49,Bedd Branwen,Wales,Gwynedd,Holyhead,3rd-2nd,Barrow,-4.462783692,53.33639302
CNS3012,9,Anta do Pinheiro dos Abraços - Bobadela,Portugal,Coimbra,Oliveira do Hospital - Bobadela,Undefined,,-7.879494,40.368052
FRA0002,12,Argelliers,France,Aude,Argelliers,Undefined,,3.687861772,43.6964917
AND02002,71,Campo de Hockey,Spain,Cádiz,San Fernando,4th,Pit,-6.210211,36.446219
GRE0027,343,Tholos Kakovatos A,Greece,Elis,Kakovatos,Undefined,Tholos,21.64304775,37.45419535
FRA0036,176,Grotte de la Madeleine,France,Hérault ,Villeneuve-les-Maguelonne,Undefined,Natural cave,3.825775662,43.52617139
FRA0047,177,Grotte de la Roche,France,Doubs ,Courchapon,Undefined,Natural cave,5.747479803,47.25668089
FRA0037,178,Grotte de La Trone,France,Gard,Sainte-Anastasie,Undefined,Natural cave,4.334385387,43.9307587
FRA0038,179,Grotte de Lombrives,France,Ariège,Ussat,Undefined,Natural cave,1.616121722,42.82357442
FRA0039,180,Grotte de Nizas,France,Hérault ,Nizas ,Undefined,Natural cave,3.429291728,43.50894292
FRA0040,181,Grotte de Sigottier,France,Ille-et-Vilaine,Louvigné-du-Désert,Undefined,Natural cave,-1.139125685,48.4908116
FRA0041,182,Grotte des Duffaits,France,Seine-et-Marne,La Rochette,Undefined,Natural cave,0.313130952,45.78370735
FRA0042,183,Grotte des Fées,France,Allier,Châtelperron,Undefined,Natural cave,3.638366744,46.41166346
FRA0043,184,Grotte du Cimetière,France,Bouches-du-Rhône,Châteaurenard,Undefined,Natural cave,4.854327723,43.8782465
FRA0045,187,Grotte Murée,France,Alpes-de-Haute-Provence,Montagnac-Montpezat,Undefined,Natural cave,6.086917793,43.73414839
FRA0048,188,Gruta des Cloches,France,Ardèche,Saint-Martin-d'Ardèche,Undefined,Natural cave,4.568609813,44.3105999
ENG0052,203,Kent's Cavern,England,Devon,Torquay ,3rd-1st,Natural cave,-3.502683312,50.46757868
FRA0049,190,Gruta Monier,France,Var,Ollioules,Undefined,Natural cave,5.851883009,43.15101827
ENG0049,193,Heathery Burn Cave,England,Northumberland,Hexhamshire,2nd-1st,Natural cave,-2.149465174,54.8317129
AND08001,374,La Molina CE17,Spain,Sevilla,Lora de Estepa,3rd,Artificial cave,-4.825526,37.273864
GRE0002,17,Asine,Greece,Argolis,Asini,2nd,,22.8742935,37.52838764
GRE0003,18,Athens Agora,Greece,Central Athens,Athens,2nd,,23.72317164,37.9760031
FRA0003,19,Aubais,France,Gard,Aubais,Undefined,,4.145112831,43.74848376
FRA0008,51,Bélesta,France,Ariège,Bélesta,Undefined,,1.959874699,42.89723708
ITA0001,52,Beneceto,Italy,Parma,Parma,Undefined,,10.38340512,44.8137251
ENG0040,74,Cantera,England,Gloucestershire,Cowley,Undefined,,-2.104329746,51.83599973
CNS2762,77,Castelo Velho do Caratão,Portugal,Santarém,Mação - Mação-Penhascoso e Aboboreira,Undefined,,-7.960967,39.576802
FRA0016,91,Collias,France,Gard ,Collias,Undefined,,4.458290262,43.94883814
HUN0014,306,Regöly - Kesziállás,Hungary,Tolna ,Regöly ,2nd-1st,,18.37669779,46.58156936
ENG0004,25,Bampfylde Hill,England,Devon,South Molton,3rd-2nd,Barrow,-3.815447,51.069613
ENG0034,30,Barrow - Mount Caburn,England,East Sussex,Glynde ,3rd-2nd,Barrow,0.051002575,50.86196672
ENG0035,31,Barrow - Site n4,England,Oxfordshire,Ashbury,3rd-2nd,Barrow,-1.625054611,51.56405363
ENG0008,32,Barrow 1 - Hill Field,England,Norfolk ,Warham ,3rd-2nd,Barrow,0.89470333,52.9372765
ENG0009,33,Barrow 25 - Rollestone Field Group,England,Wiltshire,Winterbourne Stoke,3rd-2nd,Barrow,-1.890527204,51.16598031
FRA0020,382,Charavines,France,Isère,Charavines,3rd,,5.514434295,45.42709924
FRA0061,383,Annecy,France,Haute-Savoie,Annecy,3rd,,6.125800352,45.89620906
FRA0067,384,Epone,France,Yvelines,Epone,3rd,,1.808349682,48.94940083
FRA0070,385,Flavacourt,France,Oise,Flavacourt,3rd,,1.819115136,49.33892006
ITA0002,56,Bismantova,Italy,Reggio Emilia,Castelnovo ne' Monti,Undefined,,10.41365997,44.4215028
SCO0004,57,Bizzieberry Hill,Scotland,Lanarkshire,Biggar,Undefined,,-3.520879577,55.62824267
HUN0004,62,Bölcske,Hungary,Tolna ,Bölcske ,3rd-2nd,,18.93042732,46.73365403
WAL0002,64,Breiddin hillfort,Wales,Powys,Bausley with Criggion,2nd-1st,,-3.04969175,52.72271672
FRA0011,65,Brunbachmatt,France,Bas-Rhin,Urmatt ,Undefined,,7.289562842,48.54346576
CAT03008,67,Cabana del Moro de Colomera,Spain,Lleida,Cabó,Undefined,,1.295942,42.21995
CLM02002,78,Castillejo del Bonete,Spain,Ciudad Real,Terrinches,3rd,,-2.863326,38.599446
CNS3442,79,Castro de Nossa Senhora da Guia,Portugal,Viseu,São Pedro do Sul - São Pedro do Sul-Várzea e Baiões,Undefined,,-8.097349,40.76371
ITA0016,80,Cava Cana Barbara,Italy,Sicily,Augusta,Undefined,,15.07755101,37.29705766
FRA0013,82,Cazevieille,France,Hérault ,Cazevieille,Undefined,,3.804754996,43.75719143
GRE0004,84,Chalandritsa,Greece,Achaea,Erymanthos,2nd,,21.78325357,38.10721183
FRA0015,85,Choisy-au-Bac,France,Oise ,Choisy-au-Bac,Undefined,,2.895349182,49.43788111
ITA0004,88,Cisternino,Italy,Brindisi,Cisternino,Undefined,,17.42892575,40.75030799
GRE0005,95,Cos - Eleona,Greece,Cos,Cos,2nd,,27.28443557,36.88803618
SCO0007,114,Culbin Sands,Scotland,Moray,Dyke And Moy,Undefined,,-3.710763688,57.62745418
SCO0008,115,Cullen of Buchan,Scotland,Aberdeenshire,Gamrie,Undefined,,-2.457628112,57.65708223
FRA0019,116,Dachshubel,France,Bas-Rhin,Haguenau,Undefined,,7.800322166,48.83712138
GRE0006,95,Cos - Langada,Greece,Cos,Cos,Undefined,,27.27723041,36.89268878
CL04001,96,Coto Alto,Spain,Salamanca,La Tala,4th-3rd,,-5.51472,40.591429
FRA0017,97,Coulounieix - Chamiers,France,Dordogne ,Coulounieix-Chamiers,Undefined,,0.707306839,45.17570457
CAT01035,98,Cova de Can Mauri,Spain,Barcelona,Berga,Undefined,,1.834205,42.117673
CAT01037,100,Cova de la Roca del Frare,Spain,Barcelona,La Llacuna,Undefined,,1.552477,41.47292
CAT01038,101,Cova de Les Pixarelles,Spain,Barcelona,Tavertet,Undefined,,2.395162,41.991481
CAT01011,102,Cova del Frare,Spain,Barcelona,Matadepera,Undefined,,2.019024,41.636064
CAT03010,106,Cova dels Muricecs de Cellers,Spain,Lleida,Llimiana,Undefined,,0.895,42.053056
HUN0005,108,Csongrád-Felgyo,Hungary,Csongrád-Csanád,Felgy? ,3rd-1st,,20.05949049,46.65109
GRE0007,120,Delphi,Greece,Phocis,Delphi ,2nd,,22.50053955,38.48247549
GRE0008,121,Dendra,Greece,Argolis ,Midea ,2nd,,22.82844253,37.65459676
FRA0029,135,Donzère,France,Drôme ,Donzère,Undefined,,4.681528392,44.42852006
HUN0006,136,Dunaujváros - Kosziderpadlás,Hungary,Fejér ,Dunaujváros,3rd-1st,,18.93030547,46.9585087
WAL0003,137,Dyfnant Forest,Wales,Powys,Welshpool,2nd-1st,,-3.476337135,52.71742483
FRA0031,140,Ecorneboeuf,France,Dordogne ,Coulounieix-Chamiers,Undefined,,0.710612675,45.17127918
CLM02005,141,El Castellón,Spain,Ciudad Real,Villanueva de los Infantes,3rd,,-3.0991986,38.7119239
CL04010,142,El Cimajo,Spain,Salamanca,Doñinos de Ledesma,3rd-2nd,,-6.0344863,41.007473
GRE0009,153,Elaphotopos,Greece,Ioannina,Zagori,2nd,,20.68910695,39.90036383
GRE0010,154,Elis,Greece,Elis,Zacharo,2nd,,21.64213235,37.45611316
ENG0044,155,Elm Road - Site 44,England,Essex,Leigh-on-Sea,1st,,0.654955121,51.54524327
CYP0001,156,Enkomi,Cyprus,Famagusta,Enkomi,2nd,,33.87042107,35.16588385
SCO0009,158,Eschoncan Fell,Scotland,Kirkcudbrightshire,Minnigaff,2nd-1st,,-4.488404155,55.09175766
FRA0081,386,Mériel,France,Val-d Oise,Mériel,3rd,,2.209354191,49.07310148
ENG0047,169,Glen Avenue,England,Essex,Colchester,Undefined,,0.870778256,51.89186532
SCO0010,170,Glenluce,Scotland,Wigtownshire,Glenluce,3rd-1st,,-4.811590613,54.87952136
FRA0033,171,Gours-aux-Lions,France,Seine-et-Marne,Marolles-sur-Seine,Undefined,,3.04394935,48.38493433
SCO0011,172,Greenbrae,Scotland,Aberdeenshire,Cruden,4th-3rd,,-1.90659198,57.41335046
CAT03005,319,Sepulcre de Bullons,Spain,Lleida,Riner,Undefined,,1.544449,41.957592
ITA0005,89,Civezzano,Italy,Trentino,Civezzano,Undefined,,11.18377534,46.09026682
ITA0006,90,Cles,Italy,Trentino,Cles,Undefined,,11.02925217,46.3620519
ITA0014,250,Maccarrone di Adrano,Italy,Sicily,Adrano,2nd,,14.83386523,37.66420774
GRE0020,284,Perati,Greece,East Attica,Chamolia,2nd,,24.02184709,37.9070578
ITA0007,93,Coppa Nevigata,Italy,Foggia,Manfredonia,Undefined,,15.83382012,41.55824271
CVL01046,337,Tesoro de Villena,Spain,Alacant,Villena,Undefined,,-0.890421608,38.64362664
FRA0082,387,Chouilly,France,Marne,Chouilly,3rd,,4.005225107,49.02374538
FRA0054,207,Kirchlach,France,Bas-Rhin,Haguenau,Undefined,,7.890547519,48.80978444
GRE0014,208,Knossos,Greece,Heraklion,Heraklion,2nd,,25.162835,35.29811009
SCO0012,209,Knowes of Trotty barrow cemetery,Scotland,Orkney Islands,Orkney Islands,3rd-1st,,-3.149282617,59.04003386
FRA0055,210,Königsbrück,France,Bas-Rhin,Leutenheim,Undefined,,8.009406077,48.86196101
HUN0009,211,Kötegyán,Hungary,Békés ,Kötegyán,3rd-1st,,21.47159657,46.72708115
FRA0050,191,Haguenau-Dachshübel,France,Bas-Rhin,Haguenau,Undefined,,7.831640403,48.8506481
ENG0048,192,Ham Hill - Site 3,England,Somerset,Stoke-sub-Hamdon,1st,,-2.745869142,50.95283619
HUN0008,195,Hernádkak,Hungary,Borsod-Abaúj-Zemplén,Hernádkak ,3rd-1st,,20.96226815,48.09125972
CLM04002,196,Herrerías II,Spain,Guadalajara,Herrería,Undefined,,-1.894645393,40.85320063
GRE0011,197,Ialysos,Greece,Rhodes ,Ialysos ,1st,,28.14506751,36.39824337
SER0002,198,Iglarevo,Serbia,Toplica ,Prekoruplje,Undefined,,21.58437523,43.24103106
CL06003,227,La Tarayuela,Spain,Soria,Miño de Medinaceli,4th,,-2.503832,41.165464
ENG0058,262,Middle Hill - Barrow G5,England,Wiltshire,Warminster ,Undefined,,-2.132663498,51.20316284
CNS3179,265,Moreirinha,Portugal,Castelo Branco,Idanha-a-Nova - Monsanto e Idanha-a-Velha,Undefined,,-7.116045,40.061498
SCO0150,266,Mound on Keiss Moor,Scotland,Caithness,Keiss,Undefined,,-3.106324738,58.53805824
SCO0016,269,Near Glentanar House,Scotland,Aberdeenshire,Aboyne,2nd-1st,,-2.865178986,57.04917664
ENG0059,270,Near Peacock Farm,England,Somerset,Binfield,Undefined,,-0.782452851,51.40982376
FRA0068,272,Nécropole de Chenon,France,Charente,Chenon,5th-3rd,,0.20936568,45.95578812
GRE0019,273,Nichoria,Greece,Messenia,Karpofora,1st,,21.91291535,37.00351808
FRA0059,235,Le Chamblon,France,Lozère ,Gorges du Tarn Causses,Undefined,,3.410243417,44.36853268
FRA0060,237,Les Cents Arpents,France,Seine-et-Marne,Barbey,Undefined,,3.048888889,48.36430278
FRA0062,238,Lingolsheim,France,Bas-Rhin,Lingolsheim,Undefined,,7.67482311,48.54581234
HUN0011,258,Megyaszó,Hungary,Borsod-Abaúj-Zemplén,Megyaszó,2nd,,21.06077545,48.17904764
SCO0014,259,Mellenside,Scotland,Aberdeenshire,Colpy ,Undefined,,-2.57749941,57.36611407
HUN0012,260,Mende-Leányvár,Hungary,Komárom-Esztergom,Leányvár,3rd-1st,,18.77265676,47.68177227
FRA0004,20,Aumelas,France,Hérault ,Aumelas,Undefined,,3.616931202,43.56475053
CL04002,143,El Guijo,Spain,Salamanca,La Mata de Ledesma,4th-3rd,,-6.000464,40.993675
ITA0003,70,Campestrin,Italy,Trieste,Grignano,3rd-2nd,,13.70748327,45.71490237
FRA0065,261,Méréaucourt,France,Somme,Méréaucourt,Undefined,,1.934277469,49.73028495
CVL01003,281,Peña Negra,Spain,Alacant,Crevillent,Undefined,,-0.828397,38.273957
GRE0021,286,Peristeria,Greece,Messenia,Kyparissia ,2nd,,21.74193421,37.26271966
CL04005,287,Picón del Rey,Spain,Salamanca,Cerralbo,3rd,,-6.605745,40.990389
ITA0018,289,Plemmirio,Italy,Sicily,Plemmirio,Undefined,,15.31580556,37.00825428
FRA0083,388,Ay Champagne,France,Marne,Ay Champagne,3rd,,4.005195651,49.04838324
CAT03009,320,Sepulcro de Can Cuca,Spain,Lleida,Pinós,Undefined,,1.563891,41.86532
CAT03011,323,Sepulcro de Pedra Cabana,Spain,Lleida,Cabó,Undefined,,1.277778,42.228056
FRA0071,290,Plobannalec,France,Finistère,Plobannalec-Lesconil,Undefined,,-4.220385839,47.82641453
GRE0018,267,Mycenae,Greece,Argolis ,Mykines,2nd,,22.7565215,37.7308004
CNS241,291,Pombais - Anta dos Pombais,Portugal,Portalegre,Marvão - Beirã,Undefined,,-7.323218,39.464248
FRA0720,292,Pont-de-Roide,France,Doubs,Pont-de-Roide-Vermondans,Undefined,,6.757420553,47.38434244
FRA0075,316,Schelmen - Hofstadt,France,Bas-Rhin,Haguenau ,Undefined,,7.849665505,48.85620384
ITA0017,239,Lipari,Italy,Sicily,Lipari,Undefined,,14.92893723,38.4841013
AND04005,240,Llano de la Sabina 97,Spain,Granada,Gorafe,Undefined,,-3.020722,37.449214
AND04007,240,Llano de la Sabina 99,Spain,Granada,Gorafe,Undefined,,-3.020733,37.447297
SCO0013,251,Mains of Concraig,Scotland,Aberdeenshire,Skene,Undefined,,-2.28147308,57.17643225
ENG0055,253,MARC3 site R1,England,Hampshire,Winnall Down Copse,Undefined,,-1.278548835,51.0674398
ENG0056,253,MARC3 site R7,England,Hampshire,Winnall Down Copse,Undefined,,-1.27843515,51.06754248
CNS239,10,Anta dos Penedos de São Miguel,Portugal,Portalegre,Crato - Crato e Mártires-Flor da Rosa e Vale do Peso,Undefined,,-7.678611,39.308448
HUN0003,47,Battonya,Hungary,Békés ,Battonya,3rd-2nd,,20.97520068,46.3485381
ENG0057,256,Meare Lake Village,England,Somerset,Meare,1st,,-2.793179734,51.17703022
HUN0001,22,Baks - Levelény,Hungary,Csongrád-Csanád,Baks,3rd-2nd,,20.14223612,46.52555495
SCO0002,23,Balgay,Scotland,Angus,Dundee,Undefined,,-3.017372545,56.46182434
SCO0003,24,Balmashanner,Scotland,Angus,Forfar ,2nd-1st,,-2.885895636,56.63274778
HUN0002,26,Barát cave,Hungary,Veszprém,Tihany,2nd-1st,,17.87870459,46.92388632
FRA0005,27,Barbey,France,Seine-et-Marne,Barbey,Undefined,,3.050656828,48.36464484
FRA0006,28,Barbuise - Courtavant,France,Aube,Barbuise,Undefined,,3.580809904,48.54563922
ENG0006,29,Barnett Copse,England,Hampshire,Rowlands Castle,3rd-2nd,,-0.940894962,50.94163335
CNS14697,276,Orca de Seixas,Portugal,Viseu,Moimenta da Beira - Pêra Velha-Aldeia de Nacomba e Ariz,Undefined,,-7.686355,40.945468
FRA0066,263,Montagnac-Montpezat,France,Alpes-de-Haute-Provence,Montagnac-Montpezat,Undefined,,6.090432109,43.77494923
ENG0063,294,Portsdown - Southwick,England,Hampshire,Portchester,3rd-1st,,-1.108841628,50.8583275
HUN0013,295,Pötréte,Hungary,Zala,Pötréte,2nd-1st,,16.94663118,46.69306496
ENG0064,296,Potterne,England,Wiltshire,Potterne,2nd-1st,,-1.99666306,51.35896751
FRA0072,297,Pougues-les-Eaux,France,Nièvre,Pougues-les-Eaux,Undefined,,3.083861435,47.07441713
ITA0021,293,Portella,Italy,Sicily,Portella,Undefined,,14.86754867,38.56290613
ENG0067,308,River Thames at Runnymede Bridge,England,Berkshire,Egham,2nd-1st,,-0.534270807,51.43686957
FRA0073,309,Rocher de Comboire,France,Isère,Claix,Undefined,,5.682860539,45.13914656
ENG0068,310,Rochford,England,Lincolnshire,Stoke Rochford,3rd-1st,,-0.628092542,52.851771
FRA0074,311,Saint-Fiacre-en-Melran,France,Morbihan,Melrand,Undefined,,-3.09568502,48.00023948
FRA0080,312,Saint-Rémy-de-Provence,France,Bouches-du-Rhône,Saint-Rémy-de-Provence,Undefined,,4.848026742,43.7609238
ENG0031,40,Barrow G8 - Oakley Down,England,Wiltshire,Wylye,3rd-2nd,Barrow,-1.995617013,51.13643182
CL09001,307,Reguero Seco,Spain,León,Cistierna,2nd,Domestic,-5.1403814,42.7630933
ENG0069,313,Salisbury Plain,England,Wiltshire,Shrewton,3rd-1st,Barrow,-1.875093392,51.24191285
CL08009,314,San Adrián,Spain,Zamora,Granucillo,4th-3rd,Chamber,-5.919607,42.054082
ENG0022,35,Barrow Aldbourne G14,England,Wiltshire,Aldbourne,3rd-2nd,Barrow,-1.623248874,51.47433453
GRE0024,328,Shaft Grave Omicron,Greece,Argolis ,Mykines,1st,Natural cave,22.75639233,37.73048427
FRA0078,329,Sigottier,France,Hautes-Alpes,Sigottier,Undefined,Natural cave,5.649763992,44.44966517
FRA0063,254,Marolles-sur-Seine,France,Seine-et-Marne,Marolles-sur-Seine,Undefined,,3.042841881,48.37904687
FRA0064,255,Mas-Saint-Chély,France,Lozère ,Mas-Saint-Chély,Undefined,,3.408243602,44.30922874
GRE0017,257,Mega Monastirion,Greece,Thessaly,Mega Monastirion,2nd,,22.67974207,39.43875094
CAT03007,322,Sepulcro de la Pera,Spain,Lleida,Pinós,Undefined,,1.523492,41.863047
FRA0076,326,Sepulture Lesconil,France,Finistère,Plobannalec-Lesconil,Undefined,,-4.234255492,47.81261711
FRA0079,331,Sorel-Moussel,France,Eure-et-Loir,Sorel-Moussel,Undefined,,1.411674721,48.83672645
ENG0074,333,Steep Lowe,England,Staffordshire,Alstonefield,3rd-2nd,,-1.806037101,53.10523116
ENG0019,38,Barrow G1 - Upton great Barrow,England,Wiltshire,Upton Lovell,3rd-2nd,Barrow,-2.077434308,51.16885473
ENG0020,39,Barrow G12 - Cow Down,England,Wiltshire,Collingbourne Kingston,3rd-2nd,Barrow,-1.657713921,51.30223531
ENG0021,40,Barrow G13 - Oakley Down,England,Wiltshire,Wylye,3rd-2nd,Barrow,-1.995925409,51.1363846
ENG0026,43,Barrow G5J - Netdown group,England,Wiltshire,Shrewton,3rd-2nd,Barrow,-1.926194117,51.19020525
ENG0027,44,Barrow G67 - Winterbourne Stoke Wst Group,England,Wiltshire,Winterbourne Stoke,3rd-2nd,Barrow,-1.893597377,51.16745382
ENG0028,45,Barrow G68,England,Wiltshire,Durrington,3rd-2nd,Barrow,-1.773503419,51.20409763
ENG0029,41,Barrow G7 - Normanton Group,England,Wiltshire,Salisbury,3rd-2nd,Barrow,-1.836606986,51.08920581
ENG0030,41,Barrow G8 - Normanton Group,England,Wiltshire,Salisbury,3rd-2nd,Barrow,-1.83752529,51.08946125
CNS597-1,285,Perdigões - T1,Portugal,Évora,Reguengos de Monsaraz - Reguengos de Monsaraz,3rd,Tholos,-7.550093,38.439755
ENG0071,330,Snail Down - Barrow G5,England,Wiltshire,Collingbourne Ducis,3rd-1st,Barrow,-1.688782178,51.2668937
ENG0072,330,Snail Down - Barrow G8,England,Wiltshire,Collingbourne Ducis,3rd-1st,Barrow,-1.689310255,51.26684792
ENG0073,332,Stanfordbury burial B,England,Bedfordshire,Stanford ,1st,Barrow,-0.304639976,52.056346
HUN0016,334,Szoreg,Hungary,Csongrád-Csanád,Sz?reg ,3rd-1st,,20.19431322,46.21132572
SCO0160,335,Tap O'Noth hillfort,Scotland,Aberdeenshire,Rhynie ,Undefined,,-2.858360681,57.35123191
GRE0025,336,Teikhos Dymaion,Greece,Achaea,Araxos,2nd,,21.40303333,38.15640833
ENG0075,339,The Golden Barrow,England,Wiltshire,Boyton,3rd-1st,Barrow,-2.081401624,51.16014383
AND08003,340,Tholos de La Pastora,Spain,Sevilla,Valencina de la Concepción,3rd,Tholos,-6.06687,37.413099
AND08016,341,Tholos de Montelirio,Spain,Sevilla,Castilleja de Guzmán,3rd,Tholos,-6.059047,37.409886
CL04008,345,Tierras Lineras,Spain,Salamanca,La Mata de Ledesma,3rd,Domestic,-5.954663,40.987293
PV03004,348,Trikuaizti I,Spain,Guipúzcoa - Gipuzkoa,Beasain,Undefined,Dolmen,-2.240108,43.088192
SCO0001,1,Adabrock,Scotland,Na h-Eileanan Siar,Ness (Isle of Lewis),Undefined,Barrow,-6.236842714,58.48553183
CNS3512,3,Alcalar 3,Portugal,Faro,Portimao - Mexilhoeira Grande,3rd,Tholos,-8.590562,37.198951
ITA0019,338,Thapsos,Italy,Sicily,Priolo Gargallo,Undefined,,15.22049314,37.14566864
HUN0017,346,Tiszakeszi - Szódadomb,Hungary,Borsod-Abaúj-Zemplén,Tiszakeszi,2nd,,20.97451695,47.79178368
ENG0077,347,Tor Mead,England,Wiltshire,Great Bedwyn,3rd-1st,,-1.606741426,51.38210202
ITA0013,349,Trinitapoli,Italy,Barletta-Andria-Trani,Trinitapoli,Undefined,,16.08113962,41.35914576
TUR0001,2,Alalakh,Turkey,Hatay Province,Varisli,2nd,,36.38222016,36.24069914
FRA0084,350,Túmulo de St Fiacre,France,Morbihan,Melrand,Undefined,,-3.095690793,48.00023332
FRA0085,351,Tumulus de Kernonen,France,Finistère,Plouvorn,Undefined,,-4.051953692,48.58869542
FRA0086,352,Tumulus de La Fôret,France,Bas-Rhin,Haguenau,Undefined,,7.822499398,48.84840488
FRA0087,353,Tumulus du Ballon,France,Pas-de-Calais,Wimereux,Undefined,,1.607317059,50.77417371
CNS7234,3,Alcalar 4,Portugal,Faro,Portimao - Mexilhoeira Grande,3rd,Tholos,-8.588918,37.197509
CL04007,4,Aldea del Teriñuelo,Spain,Salamanca,Aldeavieja de Tormes,4th-3rd,Passage grave,-5.608745,40.576696
CL01001,5,Aldeagordillo,Spain,Ávila,Ávila,3rd,Domestic,-4.652327,40.653222
SCO0018,354,Tumulus Rosshire,Scotland,Highland,Edderton,Undefined,Barrow,-4.175241101,57.83961055
ENG0081,362,Wick Farm - Ring ditch 16,England,Oxfordshire,Charney Bassett,3rd-1st,Barrow,-1.460596305,51.6428231
ENG0082,363,Wigberlow barrow,England,Derbyshire,Litton,3rd-1st,Barrow,-1.747713325,53.26735801
ENG0083,41,Wilsford Shaft - Normanton Down,England,Wiltshire,Wilsford cum Lake,3rd-1st,Barrow,-1.845539691,51.17081928
ENG0084,364,Winterslow barrow JFSS3,England,Wiltshire,West Winterslow,3rd-1st,Barrow,-1.671945339,51.08757715
CNS1773,368,Buraca da Moura da Rexaldia (Gruta da Rexaldia),Portugal,Santarém,Torres Novas - Chancelaria,4th-3rd,Natural cave,-8.544788,39.582259
FRA0058,232,Lann Porz Menech,France,Morbihan,Ploemeur,5th-3rd,Cairn,-3.477696684,47.72038042
CLM05002,358,Valle de las Higueras 1,Spain,Toledo,Huecas,3rd,Artificial cave,-4.202875,39.987108
CLM05003,358,Valle de las Higueras 3,Spain,Toledo,Huecas,3rd,Artificial cave,-4.202776,39.987152
WAL0006,355,Ty Mawr Farm,Wales,Gwynedd,Brecon,2nd-1st,,-3.275140868,51.92577665
ENG0078,356,Ulrome,England,Yorkshire - East Riding,Ulrome ,1st,,-0.229473292,53.9852354
CL08013,357,Valdefinjas,Spain,Zamora,Valdefinjas,Undefined,,-5.473783,41.41465
ITA0015,359,Valsavoia,Italy,Sicily,Lentini,Undefined,,15.0038518,37.28893638
ENG0079,360,Westbury Ironworks,England,Wiltshire,Westbury,2nd-1st,,-2.200209568,51.26799366
ENG0080,361,Whitegrounds round barrow,England,North Yorkshire,Burythorpe,5th-4th,,-0.804892449,54.1037687
GRE0030,367,Mycenae Aigisthos,Greece,Argolis,Mykines,2nd,,22.75564073,37.73074439
FRA0089,365,Xanton - Chassenon,France,Vendée,Xanton-Chassenon,Undefined,,-0.700062557,46.45777325
GRE0029,366,Zakynthos,Greece,Ionian Islands,Zákynthos,2nd,,20.89174837,37.78140765
